Date;Ano;Mes;mes_nome;indice ONI;Classificacao;Intensidade;DP_Referencia
01/01/1950;1950;1;janeiro;-1,53;La Nina;Forte;-0,5
01/02/1950;1950;2;fevereiro;-1,34;La Nina;Moderado;-0,5
01/03/1950;1950;3;março;-1,16;La Nina;Moderado;-0,5
01/04/1950;1950;4;abril;-1,18;La Nina;Moderado;-0,5
01/05/1950;1950;5;maio;-1,07;La Nina;Moderado;-0,5
01/06/1950;1950;6;junho;-0,85;La Nina;Fraco;-0,5
01/07/1950;1950;7;julho;-0,54;La Nina;Fraco;-0,5
01/08/1950;1950;8;agosto;-0,42;Neutro;Normal;0
01/09/1950;1950;9;setembro;-0,39;Neutro;Normal;0
01/10/1950;1950;10;outubro;-0,44;Neutro;Normal;0
01/11/1950;1950;11;novembro;-0,6;La Nina;Fraco;-0,5
01/12/1950;1950;12;dezembro;-0,8;La Nina;Fraco;-0,5
01/01/1951;1951;1;janeiro;-0,82;La Nina;Fraco;-0,5
01/02/1951;1951;2;fevereiro;-0,54;La Nina;Fraco;-0,5
01/03/1951;1951;3;março;-0,17;Neutro;Normal;0
01/04/1951;1951;4;abril;0,18;Neutro;Normal;0
01/05/1951;1951;5;maio;0,36;Neutro;Normal;0
01/06/1951;1951;6;junho;0,58;El Nino;Fraco;0,5
01/07/1951;1951;7;julho;0,7;El Nino;Fraco;0,5
01/08/1951;1951;8;agosto;0,89;El Nino;Fraco;0,5
01/09/1951;1951;9;setembro;0,99;Neutro;Normal;0
01/10/1951;1951;10;outubro;1,15;El Nino;Moderado;0,5
01/11/1951;1951;11;novembro;1,04;El Nino;Moderado;0,5
01/12/1951;1951;12;dezembro;0,81;El Nino;Fraco;0,5
01/01/1952;1952;1;janeiro;0,53;El Nino;Fraco;0,5
01/02/1952;1952;2;fevereiro;0,37;Neutro;Normal;0
01/03/1952;1952;3;março;0,34;Neutro;Normal;0
01/04/1952;1952;4;abril;0,29;Neutro;Normal;0
01/05/1952;1952;5;maio;0,2;Neutro;Normal;0
01/06/1952;1952;6;junho;0;Neutro;Normal;0
01/07/1952;1952;7;julho;-0,08;Neutro;Normal;0
01/08/1952;1952;8;agosto;0;Neutro;Normal;0
01/09/1952;1952;9;setembro;0,15;Neutro;Normal;0
01/10/1952;1952;10;outubro;0,1;Neutro;Normal;0
01/11/1952;1952;11;novembro;0,04;Neutro;Normal;0
01/12/1952;1952;12;dezembro;0,15;Neutro;Normal;0
01/01/1953;1953;1;janeiro;0,4;Neutro;Normal;0
01/02/1953;1953;2;fevereiro;0,6;El Nino;Fraco;0,5
01/03/1953;1953;3;março;0,63;El Nino;Fraco;0,5
01/04/1953;1953;4;abril;0,66;El Nino;Fraco;0,5
01/05/1953;1953;5;maio;0,75;El Nino;Fraco;0,5
01/06/1953;1953;6;junho;0,77;El Nino;Fraco;0,5
01/07/1953;1953;7;julho;0,75;El Nino;Fraco;0,5
01/08/1953;1953;8;agosto;0,73;El Nino;Fraco;0,5
01/09/1953;1953;9;setembro;0,78;El Nino;Fraco;0,5
01/10/1953;1953;10;outubro;0,84;El Nino;Fraco;0,5
01/11/1953;1953;11;novembro;0,84;El Nino;Fraco;0,5
01/12/1953;1953;12;dezembro;0,81;El Nino;Fraco;0,5
01/01/1954;1954;1;janeiro;0,76;El Nino;Fraco;0,5
01/02/1954;1954;2;fevereiro;0,47;Neutro;Normal;0
01/03/1954;1954;3;março;-0,05;Neutro;Normal;0
01/04/1954;1954;4;abril;-0,41;Neutro;Normal;0
01/05/1954;1954;5;maio;-0,54;La Nina;Fraco;-0,5
01/06/1954;1954;6;junho;-0,5;La Nina;Fraco;-0,5
01/07/1954;1954;7;julho;-0,64;La Nina;Fraco;-0,5
01/08/1954;1954;8;agosto;-0,84;La Nina;Fraco;-0,5
01/09/1954;1954;9;setembro;-0,9;La Nina;Fraco;-0,5
01/10/1954;1954;10;outubro;-0,77;La Nina;Fraco;-0,5
01/11/1954;1954;11;novembro;-0,73;La Nina;Fraco;-0,5
01/12/1954;1954;12;dezembro;-0,66;La Nina;Fraco;-0,5
01/01/1955;1955;1;janeiro;-0,68;La Nina;Fraco;-0,5
01/02/1955;1955;2;fevereiro;-0,62;La Nina;Fraco;-0,5
01/03/1955;1955;3;março;-0,69;La Nina;Fraco;-0,5
01/04/1955;1955;4;abril;-0,8;La Nina;Fraco;-0,5
01/05/1955;1955;5;maio;-0,79;La Nina;Fraco;-0,5
01/06/1955;1955;6;junho;-0,72;La Nina;Fraco;-0,5
01/07/1955;1955;7;julho;-0,68;La Nina;Fraco;-0,5
01/08/1955;1955;8;agosto;-0,75;La Nina;Fraco;-0,5
01/09/1955;1955;9;setembro;-1,09;La Nina;Moderado;-0,5
01/10/1955;1955;10;outubro;-1,42;Neutro;Normal;0
01/11/1955;1955;11;novembro;-1,67;La Nina;Forte;-0,5
01/12/1955;1955;12;dezembro;-1,47;Neutro;Normal;0
01/01/1956;1956;1;janeiro;-1,11;La Nina;Moderado;-0,5
01/02/1956;1956;2;fevereiro;-0,76;La Nina;Fraco;-0,5
01/03/1956;1956;3;março;-0,63;La Nina;Fraco;-0,5
01/04/1956;1956;4;abril;-0,54;La Nina;Fraco;-0,5
01/05/1956;1956;5;maio;-0,52;La Nina;Fraco;-0,5
01/06/1956;1956;6;junho;-0,51;La Nina;Fraco;-0,5
01/07/1956;1956;7;julho;-0,57;La Nina;Fraco;-0,5
01/08/1956;1956;8;agosto;-0,55;La Nina;Fraco;-0,5
01/09/1956;1956;9;setembro;-0,46;Neutro;Normal;0
01/10/1956;1956;10;outubro;-0,42;Neutro;Normal;0
01/11/1956;1956;11;novembro;-0,43;Neutro;Normal;0
01/12/1956;1956;12;dezembro;-0,43;Neutro;Normal;0
01/01/1957;1957;1;janeiro;-0,25;Neutro;Normal;0
01/02/1957;1957;2;fevereiro;0,06;Neutro;Normal;0
01/03/1957;1957;3;março;0,41;Neutro;Normal;0
01/04/1957;1957;4;abril;0,72;El Nino;Fraco;0,5
01/05/1957;1957;5;maio;0,92;Neutro;Normal;0
01/06/1957;1957;6;junho;1,11;El Nino;Moderado;0,5
01/07/1957;1957;7;julho;1,25;El Nino;Moderado;0,5
01/08/1957;1957;8;agosto;1,32;El Nino;Moderado;0,5
01/09/1957;1957;9;setembro;1,33;El Nino;Moderado;0,5
01/10/1957;1957;10;outubro;1,39;El Nino;Moderado;0,5
01/11/1957;1957;11;novembro;1,53;El Nino;Forte;0,5
01/12/1957;1957;12;dezembro;1,74;El Nino;Forte;0,5
01/01/1958;1958;1;janeiro;1,81;El Nino;Forte;0,5
01/02/1958;1958;2;fevereiro;1,66;El Nino;Forte;0,5
01/03/1958;1958;3;março;1,27;El Nino;Moderado;0,5
01/04/1958;1958;4;abril;0,93;Neutro;Normal;0
01/05/1958;1958;5;maio;0,74;El Nino;Fraco;0,5
01/06/1958;1958;6;junho;0,64;El Nino;Fraco;0,5
01/07/1958;1958;7;julho;0,57;El Nino;Fraco;0,5
01/08/1958;1958;8;agosto;0,43;Neutro;Normal;0
01/09/1958;1958;9;setembro;0,39;Neutro;Normal;0
01/10/1958;1958;10;outubro;0,44;Neutro;Normal;0
01/11/1958;1958;11;novembro;0,5;El Nino;Fraco;0,5
01/12/1958;1958;12;dezembro;0,61;El Nino;Fraco;0,5
01/01/1959;1959;1;janeiro;0,61;El Nino;Fraco;0,5
01/02/1959;1959;2;fevereiro;0,62;El Nino;Fraco;0,5
01/03/1959;1959;3;março;0,52;El Nino;Fraco;0,5
01/04/1959;1959;4;abril;0,33;Neutro;Normal;0
01/05/1959;1959;5;maio;0,2;Neutro;Normal;0
01/06/1959;1959;6;junho;-0,07;Neutro;Normal;0
01/07/1959;1959;7;julho;-0,18;Neutro;Normal;0
01/08/1959;1959;8;agosto;-0,28;Neutro;Normal;0
01/09/1959;1959;9;setembro;-0,09;Neutro;Normal;0
01/10/1959;1959;10;outubro;-0,03;Neutro;Normal;0
01/11/1959;1959;11;novembro;0,05;Neutro;Normal;0
01/12/1959;1959;12;dezembro;-0,04;Neutro;Normal;0
01/01/1960;1960;1;janeiro;-0,1;Neutro;Normal;0
01/02/1960;1960;2;fevereiro;-0,1;Neutro;Normal;0
01/03/1960;1960;3;março;-0,07;Neutro;Normal;0
01/04/1960;1960;4;abril;0,03;Neutro;Normal;0
01/05/1960;1960;5;maio;0,02;Neutro;Normal;0
01/06/1960;1960;6;junho;0,03;Neutro;Normal;0
01/07/1960;1960;7;julho;0,13;Neutro;Normal;0
01/08/1960;1960;8;agosto;0,24;Neutro;Normal;0
01/09/1960;1960;9;setembro;0,27;Neutro;Normal;0
01/10/1960;1960;10;outubro;0,2;Neutro;Normal;0
01/11/1960;1960;11;novembro;0,12;Neutro;Normal;0
01/12/1960;1960;12;dezembro;0,05;Neutro;Normal;0
01/01/1961;1961;1;janeiro;0,04;Neutro;Normal;0
01/02/1961;1961;2;fevereiro;0,03;Neutro;Normal;0
01/03/1961;1961;3;março;0,04;Neutro;Normal;0
01/04/1961;1961;4;abril;0,09;Neutro;Normal;0
01/05/1961;1961;5;maio;0,23;Neutro;Normal;0
01/06/1961;1961;6;junho;0,27;Neutro;Normal;0
01/07/1961;1961;7;julho;0,14;Neutro;Normal;0
01/08/1961;1961;8;agosto;-0,13;Neutro;Normal;0
01/09/1961;1961;9;setembro;-0,3;Neutro;Normal;0
01/10/1961;1961;10;outubro;-0,26;Neutro;Normal;0
01/11/1961;1961;11;novembro;-0,19;Neutro;Normal;0
01/12/1961;1961;12;dezembro;-0,16;Neutro;Normal;0
01/01/1962;1962;1;janeiro;-0,24;Neutro;Normal;0
01/02/1962;1962;2;fevereiro;-0,22;Neutro;Normal;0
01/03/1962;1962;3;março;-0,2;Neutro;Normal;0
01/04/1962;1962;4;abril;-0,26;Neutro;Normal;0
01/05/1962;1962;5;maio;-0,28;Neutro;Normal;0
01/06/1962;1962;6;junho;-0,2;Neutro;Normal;0
01/07/1962;1962;7;julho;-0,04;Neutro;Normal;0
01/08/1962;1962;8;agosto;-0,07;Neutro;Normal;0
01/09/1962;1962;9;setembro;-0,11;Neutro;Normal;0
01/10/1962;1962;10;outubro;-0,22;Neutro;Normal;0
01/11/1962;1962;11;novembro;-0,31;Neutro;Normal;0
01/12/1962;1962;12;dezembro;-0,43;Neutro;Normal;0
01/01/1963;1963;1;janeiro;-0,4;Neutro;Normal;0
01/02/1963;1963;2;fevereiro;-0,15;Neutro;Normal;0
01/03/1963;1963;3;março;0,15;Neutro;Normal;0
01/04/1963;1963;4;abril;0,27;Neutro;Normal;0
01/05/1963;1963;5;maio;0,31;Neutro;Normal;0
01/06/1963;1963;6;junho;0,52;El Nino;Fraco;0,5
01/07/1963;1963;7;julho;0,86;El Nino;Fraco;0,5
01/08/1963;1963;8;agosto;1,14;El Nino;Moderado;0,5
01/09/1963;1963;9;setembro;1,22;El Nino;Moderado;0,5
01/10/1963;1963;10;outubro;1,29;El Nino;Moderado;0,5
01/11/1963;1963;11;novembro;1,37;El Nino;Moderado;0,5
01/12/1963;1963;12;dezembro;1,31;El Nino;Moderado;0,5
01/01/1964;1964;1;janeiro;1,07;El Nino;Moderado;0,5
01/02/1964;1964;2;fevereiro;0,62;El Nino;Fraco;0,5
01/03/1964;1964;3;março;0,12;Neutro;Normal;0
01/04/1964;1964;4;abril;-0,33;Neutro;Normal;0
01/05/1964;1964;5;maio;-0,58;La Nina;Fraco;-0,5
01/06/1964;1964;6;junho;-0,58;La Nina;Fraco;-0,5
01/07/1964;1964;7;julho;-0,6;La Nina;Fraco;-0,5
01/08/1964;1964;8;agosto;-0,66;La Nina;Fraco;-0,5
01/09/1964;1964;9;setembro;-0,76;La Nina;Fraco;-0,5
01/10/1964;1964;10;outubro;-0,8;La Nina;Fraco;-0,5
01/11/1964;1964;11;novembro;-0,82;La Nina;Fraco;-0,5
01/12/1964;1964;12;dezembro;-0,78;La Nina;Fraco;-0,5
01/01/1965;1965;1;janeiro;-0,59;La Nina;Fraco;-0,5
01/02/1965;1965;2;fevereiro;-0,28;Neutro;Normal;0
01/03/1965;1965;3;março;-0,07;Neutro;Normal;0
01/04/1965;1965;4;abril;0,18;Neutro;Normal;0
01/05/1965;1965;5;maio;0,46;Neutro;Normal;0
01/06/1965;1965;6;junho;0,83;El Nino;Fraco;0,5
01/07/1965;1965;7;julho;1,22;El Nino;Moderado;0,5
01/08/1965;1965;8;agosto;1,54;El Nino;Forte;0,5
01/09/1965;1965;9;setembro;1,85;El Nino;Forte;0,5
01/10/1965;1965;10;outubro;1,98;Neutro;Normal;0
01/11/1965;1965;11;novembro;1,97;Neutro;Normal;0
01/12/1965;1965;12;dezembro;1,72;El Nino;Forte;0,5
01/01/1966;1966;1;janeiro;1,37;El Nino;Moderado;0,5
01/02/1966;1966;2;fevereiro;1,17;El Nino;Moderado;0,5
01/03/1966;1966;3;março;0,98;Neutro;Normal;0
01/04/1966;1966;4;abril;0,66;El Nino;Fraco;0,5
01/05/1966;1966;5;maio;0,35;Neutro;Normal;0
01/06/1966;1966;6;junho;0,24;Neutro;Normal;0
01/07/1966;1966;7;julho;0,24;Neutro;Normal;0
01/08/1966;1966;8;agosto;0,12;Neutro;Normal;0
01/09/1966;1966;9;setembro;-0,05;Neutro;Normal;0
01/10/1966;1966;10;outubro;-0,1;Neutro;Normal;0
01/11/1966;1966;11;novembro;-0,18;Neutro;Normal;0
01/12/1966;1966;12;dezembro;-0,3;Neutro;Normal;0
01/01/1967;1967;1;janeiro;-0,41;Neutro;Normal;0
01/02/1967;1967;2;fevereiro;-0,48;Neutro;Normal;0
01/03/1967;1967;3;março;-0,53;La Nina;Fraco;-0,5
01/04/1967;1967;4;abril;-0,45;Neutro;Normal;0
01/05/1967;1967;5;maio;-0,24;Neutro;Normal;0
01/06/1967;1967;6;junho;0;Neutro;Normal;0
01/07/1967;1967;7;julho;0,05;Neutro;Normal;0
01/08/1967;1967;8;agosto;-0,16;Neutro;Normal;0
01/09/1967;1967;9;setembro;-0,3;Neutro;Normal;0
01/10/1967;1967;10;outubro;-0,38;Neutro;Normal;0
01/11/1967;1967;11;novembro;-0,34;Neutro;Normal;0
01/12/1967;1967;12;dezembro;-0,44;Neutro;Normal;0
01/01/1968;1968;1;janeiro;-0,64;La Nina;Fraco;-0,5
01/02/1968;1968;2;fevereiro;-0,74;La Nina;Fraco;-0,5
01/03/1968;1968;3;março;-0,62;La Nina;Fraco;-0,5
01/04/1968;1968;4;abril;-0,44;Neutro;Normal;0
01/05/1968;1968;5;maio;-0,04;Neutro;Normal;0
01/06/1968;1968;6;junho;0,28;Neutro;Normal;0
01/07/1968;1968;7;julho;0,58;El Nino;Fraco;0,5
01/08/1968;1968;8;agosto;0,53;El Nino;Fraco;0,5
01/09/1968;1968;9;setembro;0,45;Neutro;Normal;0
01/10/1968;1968;10;outubro;0,55;El Nino;Fraco;0,5
01/11/1968;1968;11;novembro;0,73;El Nino;Fraco;0,5
01/12/1968;1968;12;dezembro;0,98;Neutro;Normal;0
01/01/1969;1969;1;janeiro;1,13;El Nino;Moderado;0,5
01/02/1969;1969;2;fevereiro;1,09;El Nino;Moderado;0,5
01/03/1969;1969;3;março;0,95;Neutro;Normal;0
01/04/1969;1969;4;abril;0,77;El Nino;Fraco;0,5
01/05/1969;1969;5;maio;0,61;El Nino;Fraco;0,5
01/06/1969;1969;6;junho;0,43;Neutro;Normal;0
01/07/1969;1969;7;julho;0,36;Neutro;Normal;0
01/08/1969;1969;8;agosto;0,51;El Nino;Fraco;0,5
01/09/1969;1969;9;setembro;0,79;El Nino;Fraco;0,5
01/10/1969;1969;10;outubro;0,86;El Nino;Fraco;0,5
01/11/1969;1969;11;novembro;0,81;El Nino;Fraco;0,5
01/12/1969;1969;12;dezembro;0,63;El Nino;Fraco;0,5
01/01/1970;1970;1;janeiro;0,51;El Nino;Fraco;0,5
01/02/1970;1970;2;fevereiro;0,34;Neutro;Normal;0
01/03/1970;1970;3;março;0,29;Neutro;Normal;0
01/04/1970;1970;4;abril;0,19;Neutro;Normal;0
01/05/1970;1970;5;maio;0,04;Neutro;Normal;0
01/06/1970;1970;6;junho;-0,3;Neutro;Normal;0
01/07/1970;1970;7;julho;-0,63;La Nina;Fraco;-0,5
01/08/1970;1970;8;agosto;-0,76;La Nina;Fraco;-0,5
01/09/1970;1970;9;setembro;-0,77;La Nina;Fraco;-0,5
01/10/1970;1970;10;outubro;-0,74;La Nina;Fraco;-0,5
01/11/1970;1970;11;novembro;-0,86;La Nina;Fraco;-0,5
01/12/1970;1970;12;dezembro;-1,15;La Nina;Moderado;-0,5
01/01/1971;1971;1;janeiro;-1,36;La Nina;Moderado;-0,5
01/02/1971;1971;2;fevereiro;-1,38;La Nina;Moderado;-0,5
01/03/1971;1971;3;março;-1,12;La Nina;Moderado;-0,5
01/04/1971;1971;4;abril;-0,85;La Nina;Fraco;-0,5
01/05/1971;1971;5;maio;-0,73;La Nina;Fraco;-0,5
01/06/1971;1971;6;junho;-0,74;La Nina;Fraco;-0,5
01/07/1971;1971;7;julho;-0,8;La Nina;Fraco;-0,5
01/08/1971;1971;8;agosto;-0,77;La Nina;Fraco;-0,5
01/09/1971;1971;9;setembro;-0,82;La Nina;Fraco;-0,5
01/10/1971;1971;10;outubro;-0,85;La Nina;Fraco;-0,5
01/11/1971;1971;11;novembro;-0,96;Neutro;Normal;0
01/12/1971;1971;12;dezembro;-0,9;La Nina;Fraco;-0,5
01/01/1972;1972;1;janeiro;-0,71;La Nina;Fraco;-0,5
01/02/1972;1972;2;fevereiro;-0,35;Neutro;Normal;0
01/03/1972;1972;3;março;0,06;Neutro;Normal;0
01/04/1972;1972;4;abril;0,41;Neutro;Normal;0
01/05/1972;1972;5;maio;0,67;El Nino;Fraco;0,5
01/06/1972;1972;6;junho;0,92;Neutro;Normal;0
01/07/1972;1972;7;julho;1,13;El Nino;Moderado;0,5
01/08/1972;1972;8;agosto;1,37;El Nino;Moderado;0,5
01/09/1972;1972;9;setembro;1,58;El Nino;Forte;0,5
01/10/1972;1972;10;outubro;1,84;El Nino;Forte;0,5
01/11/1972;1972;11;novembro;2,09;El Nino;Muito Forte;0,5
01/12/1972;1972;12;dezembro;2,12;El Nino;Muito Forte;0,5
01/01/1973;1973;1;janeiro;1,84;El Nino;Forte;0,5
01/02/1973;1973;2;fevereiro;1,25;El Nino;Moderado;0,5
01/03/1973;1973;3;março;0,54;El Nino;Fraco;0,5
01/04/1973;1973;4;abril;-0,1;Neutro;Normal;0
01/05/1973;1973;5;maio;-0,54;La Nina;Fraco;-0,5
01/06/1973;1973;6;junho;-0,87;La Nina;Fraco;-0,5
01/07/1973;1973;7;julho;-1,11;La Nina;Moderado;-0,5
01/08/1973;1973;8;agosto;-1,28;La Nina;Moderado;-0,5
01/09/1973;1973;9;setembro;-1,45;Neutro;Normal;0
01/10/1973;1973;10;outubro;-1,71;La Nina;Forte;-0,5
01/11/1973;1973;11;novembro;-1,95;La Nina;Forte;-0,5
01/12/1973;1973;12;dezembro;-2,03;La Nina;Forte;-0,5
01/01/1974;1974;1;janeiro;-1,84;La Nina;Forte;-0,5
01/02/1974;1974;2;fevereiro;-1,55;La Nina;Forte;-0,5
01/03/1974;1974;3;março;-1,23;La Nina;Moderado;-0,5
01/04/1974;1974;4;abril;-1,03;La Nina;Moderado;-0,5
01/05/1974;1974;5;maio;-0,91;Neutro;Normal;0
01/06/1974;1974;6;junho;-0,77;La Nina;Fraco;-0,5
01/07/1974;1974;7;julho;-0,53;La Nina;Fraco;-0,5
01/08/1974;1974;8;agosto;-0,37;Neutro;Normal;0
01/09/1974;1974;9;setembro;-0,41;Neutro;Normal;0
01/10/1974;1974;10;outubro;-0,61;La Nina;Fraco;-0,5
01/11/1974;1974;11;novembro;-0,75;La Nina;Fraco;-0,5
01/12/1974;1974;12;dezembro;-0,64;La Nina;Fraco;-0,5
01/01/1975;1975;1;janeiro;-0,54;La Nina;Fraco;-0,5
01/02/1975;1975;2;fevereiro;-0,57;La Nina;Fraco;-0,5
01/03/1975;1975;3;março;-0,65;La Nina;Fraco;-0,5
01/04/1975;1975;4;abril;-0,73;La Nina;Fraco;-0,5
01/05/1975;1975;5;maio;-0,83;La Nina;Fraco;-0,5
01/06/1975;1975;6;junho;-0,98;Neutro;Normal;0
01/07/1975;1975;7;julho;-1,13;La Nina;Moderado;-0,5
01/08/1975;1975;8;agosto;-1,2;La Nina;Moderado;-0,5
01/09/1975;1975;9;setembro;-1,37;La Nina;Moderado;-0,5
01/10/1975;1975;10;outubro;-1,43;Neutro;Normal;0
01/11/1975;1975;11;novembro;-1,55;La Nina;Forte;-0,5
01/12/1975;1975;12;dezembro;-1,65;La Nina;Forte;-0,5
01/01/1976;1976;1;janeiro;-1,56;La Nina;Forte;-0,5
01/02/1976;1976;2;fevereiro;-1,17;La Nina;Moderado;-0,5
01/03/1976;1976;3;março;-0,73;La Nina;Fraco;-0,5
01/04/1976;1976;4;abril;-0,47;Neutro;Normal;0
01/05/1976;1976;5;maio;-0,28;Neutro;Normal;0
01/06/1976;1976;6;junho;-0,05;Neutro;Normal;0
01/07/1976;1976;7;julho;0,18;Neutro;Normal;0
01/08/1976;1976;8;agosto;0,35;Neutro;Normal;0
01/09/1976;1976;9;setembro;0,62;El Nino;Fraco;0,5
01/10/1976;1976;10;outubro;0,81;El Nino;Fraco;0,5
01/11/1976;1976;11;novembro;0,86;El Nino;Fraco;0,5
01/12/1976;1976;12;dezembro;0,85;El Nino;Fraco;0,5
01/01/1977;1977;1;janeiro;0,71;El Nino;Fraco;0,5
01/02/1977;1977;2;fevereiro;0,64;El Nino;Fraco;0,5
01/03/1977;1977;3;março;0,34;Neutro;Normal;0
01/04/1977;1977;4;abril;0,23;Neutro;Normal;0
01/05/1977;1977;5;maio;0,21;Neutro;Normal;0
01/06/1977;1977;6;junho;0,34;Neutro;Normal;0
01/07/1977;1977;7;julho;0,35;Neutro;Normal;0
01/08/1977;1977;8;agosto;0,42;Neutro;Normal;0
01/09/1977;1977;9;setembro;0,57;El Nino;Fraco;0,5
01/10/1977;1977;10;outubro;0,73;El Nino;Fraco;0,5
01/11/1977;1977;11;novembro;0,81;El Nino;Fraco;0,5
01/12/1977;1977;12;dezembro;0,79;El Nino;Fraco;0,5
01/01/1978;1978;1;janeiro;0,69;El Nino;Fraco;0,5
01/02/1978;1978;2;fevereiro;0,42;Neutro;Normal;0
01/03/1978;1978;3;março;0,06;Neutro;Normal;0
01/04/1978;1978;4;abril;-0,18;Neutro;Normal;0
01/05/1978;1978;5;maio;-0,31;Neutro;Normal;0
01/06/1978;1978;6;junho;-0,29;Neutro;Normal;0
01/07/1978;1978;7;julho;-0,36;Neutro;Normal;0
01/08/1978;1978;8;agosto;-0,42;Neutro;Normal;0
01/09/1978;1978;9;setembro;-0,42;Neutro;Normal;0
01/10/1978;1978;10;outubro;-0,29;Neutro;Normal;0
01/11/1978;1978;11;novembro;-0,08;Neutro;Normal;0
01/12/1978;1978;12;dezembro;0;Neutro;Normal;0
01/01/1979;1979;1;janeiro;0,03;Neutro;Normal;0
01/02/1979;1979;2;fevereiro;0,07;Neutro;Normal;0
01/03/1979;1979;3;março;0,2;Neutro;Normal;0
01/04/1979;1979;4;abril;0,28;Neutro;Normal;0
01/05/1979;1979;5;maio;0,23;Neutro;Normal;0
01/06/1979;1979;6;junho;0,05;Neutro;Normal;0
01/07/1979;1979;7;julho;0,04;Neutro;Normal;0
01/08/1979;1979;8;agosto;0,17;Neutro;Normal;0
01/09/1979;1979;9;setembro;0,33;Neutro;Normal;0
01/10/1979;1979;10;outubro;0,45;Neutro;Normal;0
01/11/1979;1979;11;novembro;0,52;El Nino;Fraco;0,5
01/12/1979;1979;12;dezembro;0,64;El Nino;Fraco;0,5
01/01/1980;1980;1;janeiro;0,59;El Nino;Fraco;0,5
01/02/1980;1980;2;fevereiro;0,46;Neutro;Normal;0
01/03/1980;1980;3;março;0,34;Neutro;Normal;0
01/04/1980;1980;4;abril;0,38;Neutro;Normal;0
01/05/1980;1980;5;maio;0,48;Neutro;Normal;0
01/06/1980;1980;6;junho;0,46;Neutro;Normal;0
01/07/1980;1980;7;julho;0,25;Neutro;Normal;0
01/08/1980;1980;8;agosto;0,03;Neutro;Normal;0
01/09/1980;1980;9;setembro;-0,07;Neutro;Normal;0
01/10/1980;1980;10;outubro;0,02;Neutro;Normal;0
01/11/1980;1980;11;novembro;0,11;Neutro;Normal;0
01/12/1980;1980;12;dezembro;-0,01;Neutro;Normal;0
01/01/1981;1981;1;janeiro;-0,26;Neutro;Normal;0
01/02/1981;1981;2;fevereiro;-0,5;La Nina;Fraco;-0,5
01/03/1981;1981;3;março;-0,47;Neutro;Normal;0
01/04/1981;1981;4;abril;-0,37;Neutro;Normal;0
01/05/1981;1981;5;maio;-0,26;Neutro;Normal;0
01/06/1981;1981;6;junho;-0,29;Neutro;Normal;0
01/07/1981;1981;7;julho;-0,3;Neutro;Normal;0
01/08/1981;1981;8;agosto;-0,25;Neutro;Normal;0
01/09/1981;1981;9;setembro;-0,16;Neutro;Normal;0
01/10/1981;1981;10;outubro;-0,13;Neutro;Normal;0
01/11/1981;1981;11;novembro;-0,15;Neutro;Normal;0
01/12/1981;1981;12;dezembro;-0,08;Neutro;Normal;0
01/01/1982;1982;1;janeiro;-0,05;Neutro;Normal;0
01/02/1982;1982;2;fevereiro;0,07;Neutro;Normal;0
01/03/1982;1982;3;março;0,19;Neutro;Normal;0
01/04/1982;1982;4;abril;0,47;Neutro;Normal;0
01/05/1982;1982;5;maio;0,66;El Nino;Fraco;0,5
01/06/1982;1982;6;junho;0,72;El Nino;Fraco;0,5
01/07/1982;1982;7;julho;0,79;El Nino;Fraco;0,5
01/08/1982;1982;8;agosto;1,07;El Nino;Moderado;0,5
01/09/1982;1982;9;setembro;1,58;El Nino;Forte;0,5
01/10/1982;1982;10;outubro;1,97;Neutro;Normal;0
01/11/1982;1982;11;novembro;2,18;El Nino;Muito Forte;0,5
01/12/1982;1982;12;dezembro;2,23;El Nino;Muito Forte;0,5
01/01/1983;1983;1;janeiro;2,18;El Nino;Muito Forte;0,5
01/02/1983;1983;2;fevereiro;1,92;Neutro;Normal;0
01/03/1983;1983;3;março;1,54;El Nino;Forte;0,5
01/04/1983;1983;4;abril;1,29;El Nino;Moderado;0,5
01/05/1983;1983;5;maio;1,06;El Nino;Moderado;0,5
01/06/1983;1983;6;junho;0,72;El Nino;Fraco;0,5
01/07/1983;1983;7;julho;0,31;Neutro;Normal;0
01/08/1983;1983;8;agosto;-0,08;Neutro;Normal;0
01/09/1983;1983;9;setembro;-0,46;Neutro;Normal;0
01/10/1983;1983;10;outubro;-0,81;La Nina;Fraco;-0,5
01/11/1983;1983;11;novembro;-1;La Nina;Moderado;-0,5
01/12/1983;1983;12;dezembro;-0,91;Neutro;Normal;0
01/01/1984;1984;1;janeiro;-0,6;La Nina;Fraco;-0,5
01/02/1984;1984;2;fevereiro;-0,42;Neutro;Normal;0
01/03/1984;1984;3;março;-0,34;Neutro;Normal;0
01/04/1984;1984;4;abril;-0,43;Neutro;Normal;0
01/05/1984;1984;5;maio;-0,51;La Nina;Fraco;-0,5
01/06/1984;1984;6;junho;-0,45;Neutro;Normal;0
01/07/1984;1984;7;julho;-0,3;Neutro;Normal;0
01/08/1984;1984;8;agosto;-0,16;Neutro;Normal;0
01/09/1984;1984;9;setembro;-0,24;Neutro;Normal;0
01/10/1984;1984;10;outubro;-0,56;La Nina;Fraco;-0,5
01/11/1984;1984;11;novembro;-0,92;Neutro;Normal;0
01/12/1984;1984;12;dezembro;-1,14;La Nina;Moderado;-0,5
01/01/1985;1985;1;janeiro;-1,04;La Nina;Moderado;-0,5
01/02/1985;1985;2;fevereiro;-0,85;La Nina;Fraco;-0,5
01/03/1985;1985;3;março;-0,77;La Nina;Fraco;-0,5
01/04/1985;1985;4;abril;-0,78;La Nina;Fraco;-0,5
01/05/1985;1985;5;maio;-0,78;La Nina;Fraco;-0,5
01/06/1985;1985;6;junho;-0,63;La Nina;Fraco;-0,5
01/07/1985;1985;7;julho;-0,49;Neutro;Normal;0
01/08/1985;1985;8;agosto;-0,46;Neutro;Normal;0
01/09/1985;1985;9;setembro;-0,4;Neutro;Normal;0
01/10/1985;1985;10;outubro;-0,35;Neutro;Normal;0
01/11/1985;1985;11;novembro;-0,27;Neutro;Normal;0
01/12/1985;1985;12;dezembro;-0,36;Neutro;Normal;0
01/01/1986;1986;1;janeiro;-0,49;Neutro;Normal;0
01/02/1986;1986;2;fevereiro;-0,47;Neutro;Normal;0
01/03/1986;1986;3;março;-0,31;Neutro;Normal;0
01/04/1986;1986;4;abril;-0,2;Neutro;Normal;0
01/05/1986;1986;5;maio;-0,12;Neutro;Normal;0
01/06/1986;1986;6;junho;-0,04;Neutro;Normal;0
01/07/1986;1986;7;julho;0,22;Neutro;Normal;0
01/08/1986;1986;8;agosto;0,44;Neutro;Normal;0
01/09/1986;1986;9;setembro;0,71;El Nino;Fraco;0,5
01/10/1986;1986;10;outubro;0,94;Neutro;Normal;0
01/11/1986;1986;11;novembro;1,14;El Nino;Moderado;0,5
01/12/1986;1986;12;dezembro;1,22;El Nino;Moderado;0,5
01/01/1987;1987;1;janeiro;1,23;El Nino;Moderado;0,5
01/02/1987;1987;2;fevereiro;1,19;El Nino;Moderado;0,5
01/03/1987;1987;3;março;1,06;El Nino;Moderado;0,5
01/04/1987;1987;4;abril;0,95;Neutro;Normal;0
01/05/1987;1987;5;maio;0,97;Neutro;Normal;0
01/06/1987;1987;6;junho;1,22;El Nino;Moderado;0,5
01/07/1987;1987;7;julho;1,51;El Nino;Forte;0,5
01/08/1987;1987;8;agosto;1,7;El Nino;Forte;0,5
01/09/1987;1987;9;setembro;1,65;El Nino;Forte;0,5
01/10/1987;1987;10;outubro;1,48;Neutro;Normal;0
01/11/1987;1987;11;novembro;1,25;El Nino;Moderado;0,5
01/12/1987;1987;12;dezembro;1,11;El Nino;Moderado;0,5
01/01/1988;1988;1;janeiro;0,81;El Nino;Fraco;0,5
01/02/1988;1988;2;fevereiro;0,54;El Nino;Fraco;0,5
01/03/1988;1988;3;março;0,14;Neutro;Normal;0
01/04/1988;1988;4;abril;-0,31;Neutro;Normal;0
01/05/1988;1988;5;maio;-0,88;La Nina;Fraco;-0,5
01/06/1988;1988;6;junho;-1,3;La Nina;Moderado;-0,5
01/07/1988;1988;7;julho;-1,3;La Nina;Moderado;-0,5
01/08/1988;1988;8;agosto;-1,11;La Nina;Moderado;-0,5
01/09/1988;1988;9;setembro;-1,19;La Nina;Moderado;-0,5
01/10/1988;1988;10;outubro;-1,48;Neutro;Normal;0
01/11/1988;1988;11;novembro;-1,8;La Nina;Forte;-0,5
01/12/1988;1988;12;dezembro;-1,85;La Nina;Forte;-0,5
01/01/1989;1989;1;janeiro;-1,69;La Nina;Forte;-0,5
01/02/1989;1989;2;fevereiro;-1,43;Neutro;Normal;0
01/03/1989;1989;3;março;-1,08;La Nina;Moderado;-0,5
01/04/1989;1989;4;abril;-0,83;La Nina;Fraco;-0,5
01/05/1989;1989;5;maio;-0,58;La Nina;Fraco;-0,5
01/06/1989;1989;6;junho;-0,4;Neutro;Normal;0
01/07/1989;1989;7;julho;-0,31;Neutro;Normal;0
01/08/1989;1989;8;agosto;-0,27;Neutro;Normal;0
01/09/1989;1989;9;setembro;-0,24;Neutro;Normal;0
01/10/1989;1989;10;outubro;-0,22;Neutro;Normal;0
01/11/1989;1989;11;novembro;-0,16;Neutro;Normal;0
01/12/1989;1989;12;dezembro;-0,05;Neutro;Normal;0
01/01/1990;1990;1;janeiro;0,14;Neutro;Normal;0
01/02/1990;1990;2;fevereiro;0,21;Neutro;Normal;0
01/03/1990;1990;3;março;0,28;Neutro;Normal;0
01/04/1990;1990;4;abril;0,29;Neutro;Normal;0
01/05/1990;1990;5;maio;0,29;Neutro;Normal;0
01/06/1990;1990;6;junho;0,31;Neutro;Normal;0
01/07/1990;1990;7;julho;0,33;Neutro;Normal;0
01/08/1990;1990;8;agosto;0,38;Neutro;Normal;0
01/09/1990;1990;9;setembro;0,39;Neutro;Normal;0
01/10/1990;1990;10;outubro;0,35;Neutro;Normal;0
01/11/1990;1990;11;novembro;0,4;Neutro;Normal;0
01/12/1990;1990;12;dezembro;0,41;Neutro;Normal;0
01/01/1991;1991;1;janeiro;0,41;Neutro;Normal;0
01/02/1991;1991;2;fevereiro;0,26;Neutro;Normal;0
01/03/1991;1991;3;março;0,22;Neutro;Normal;0
01/04/1991;1991;4;abril;0,26;Neutro;Normal;0
01/05/1991;1991;5;maio;0,45;Neutro;Normal;0
01/06/1991;1991;6;junho;0,64;El Nino;Fraco;0,5
01/07/1991;1991;7;julho;0,73;El Nino;Fraco;0,5
01/08/1991;1991;8;agosto;0,64;El Nino;Fraco;0,5
01/09/1991;1991;9;setembro;0,62;El Nino;Fraco;0,5
01/10/1991;1991;10;outubro;0,79;El Nino;Fraco;0,5
01/11/1991;1991;11;novembro;1,21;El Nino;Moderado;0,5
01/12/1991;1991;12;dezembro;1,53;El Nino;Forte;0,5
01/01/1992;1992;1;janeiro;1,71;El Nino;Forte;0,5
01/02/1992;1992;2;fevereiro;1,63;El Nino;Forte;0,5
01/03/1992;1992;3;março;1,48;Neutro;Normal;0
01/04/1992;1992;4;abril;1,29;El Nino;Moderado;0,5
01/05/1992;1992;5;maio;1,06;El Nino;Moderado;0,5
01/06/1992;1992;6;junho;0,73;El Nino;Fraco;0,5
01/07/1992;1992;7;julho;0,37;Neutro;Normal;0
01/08/1992;1992;8;agosto;0,09;Neutro;Normal;0
01/09/1992;1992;9;setembro;-0,13;Neutro;Normal;0
01/10/1992;1992;10;outubro;-0,25;Neutro;Normal;0
01/11/1992;1992;11;novembro;-0,28;Neutro;Normal;0
01/12/1992;1992;12;dezembro;-0,13;Neutro;Normal;0
01/01/1993;1993;1;janeiro;0,09;Neutro;Normal;0
01/02/1993;1993;2;fevereiro;0,3;Neutro;Normal;0
01/03/1993;1993;3;março;0,5;El Nino;Fraco;0,5
01/04/1993;1993;4;abril;0,67;El Nino;Fraco;0,5
01/05/1993;1993;5;maio;0,7;El Nino;Fraco;0,5
01/06/1993;1993;6;junho;0,57;El Nino;Fraco;0,5
01/07/1993;1993;7;julho;0,32;Neutro;Normal;0
01/08/1993;1993;8;agosto;0,25;Neutro;Normal;0
01/09/1993;1993;9;setembro;0,15;Neutro;Normal;0
01/10/1993;1993;10;outubro;0,1;Neutro;Normal;0
01/11/1993;1993;11;novembro;0,04;Neutro;Normal;0
01/12/1993;1993;12;dezembro;0,06;Neutro;Normal;0
01/01/1994;1994;1;janeiro;0,06;Neutro;Normal;0
01/02/1994;1994;2;fevereiro;0,07;Neutro;Normal;0
01/03/1994;1994;3;março;0,17;Neutro;Normal;0
01/04/1994;1994;4;abril;0,31;Neutro;Normal;0
01/05/1994;1994;5;maio;0,42;Neutro;Normal;0
01/06/1994;1994;6;junho;0,41;Neutro;Normal;0
01/07/1994;1994;7;julho;0,44;Neutro;Normal;0
01/08/1994;1994;8;agosto;0,43;Neutro;Normal;0
01/09/1994;1994;9;setembro;0,55;El Nino;Fraco;0,5
01/10/1994;1994;10;outubro;0,74;El Nino;Fraco;0,5
01/11/1994;1994;11;novembro;1,01;El Nino;Moderado;0,5
01/12/1994;1994;12;dezembro;1,09;El Nino;Moderado;0,5
01/01/1995;1995;1;janeiro;0,96;Neutro;Normal;0
01/02/1995;1995;2;fevereiro;0,72;El Nino;Fraco;0,5
01/03/1995;1995;3;março;0,53;El Nino;Fraco;0,5
01/04/1995;1995;4;abril;0,3;Neutro;Normal;0
01/05/1995;1995;5;maio;0,14;Neutro;Normal;0
01/06/1995;1995;6;junho;-0,03;Neutro;Normal;0
01/07/1995;1995;7;julho;-0,24;Neutro;Normal;0
01/08/1995;1995;8;agosto;-0,54;La Nina;Fraco;-0,5
01/09/1995;1995;9;setembro;-0,81;La Nina;Fraco;-0,5
01/10/1995;1995;10;outubro;-0,97;Neutro;Normal;0
01/11/1995;1995;11;novembro;-1;La Nina;Moderado;-0,5
01/12/1995;1995;12;dezembro;-0,98;Neutro;Normal;0
01/01/1996;1996;1;janeiro;-0,9;La Nina;Fraco;-0,5
01/02/1996;1996;2;fevereiro;-0,75;La Nina;Fraco;-0,5
01/03/1996;1996;3;março;-0,59;La Nina;Fraco;-0,5
01/04/1996;1996;4;abril;-0,39;Neutro;Normal;0
01/05/1996;1996;5;maio;-0,31;Neutro;Normal;0
01/06/1996;1996;6;junho;-0,3;Neutro;Normal;0
01/07/1996;1996;7;julho;-0,27;Neutro;Normal;0
01/08/1996;1996;8;agosto;-0,32;Neutro;Normal;0
01/09/1996;1996;9;setembro;-0,35;Neutro;Normal;0
01/10/1996;1996;10;outubro;-0,4;Neutro;Normal;0
01/11/1996;1996;11;novembro;-0,45;Neutro;Normal;0
01/12/1996;1996;12;dezembro;-0,49;Neutro;Normal;0
01/01/1997;1997;1;janeiro;-0,5;La Nina;Fraco;-0,5
01/02/1997;1997;2;fevereiro;-0,36;Neutro;Normal;0
01/03/1997;1997;3;março;-0,1;Neutro;Normal;0
01/04/1997;1997;4;abril;0,28;Neutro;Normal;0
01/05/1997;1997;5;maio;0,75;El Nino;Fraco;0,5
01/06/1997;1997;6;junho;1,22;El Nino;Moderado;0,5
01/07/1997;1997;7;julho;1,6;El Nino;Forte;0,5
01/08/1997;1997;8;agosto;1,9;El Nino;Forte;0,5
01/09/1997;1997;9;setembro;2,14;El Nino;Muito Forte;0,5
01/10/1997;1997;10;outubro;2,33;El Nino;Muito Forte;0,5
01/11/1997;1997;11;novembro;2,4;El Nino;Muito Forte;0,5
01/12/1997;1997;12;dezembro;2,39;El Nino;Muito Forte;0,5
01/01/1998;1998;1;janeiro;2,24;El Nino;Muito Forte;0,5
01/02/1998;1998;2;fevereiro;1,93;Neutro;Normal;0
01/03/1998;1998;3;março;1,44;Neutro;Normal;0
01/04/1998;1998;4;abril;0,99;Neutro;Normal;0
01/05/1998;1998;5;maio;0,45;Neutro;Normal;0
01/06/1998;1998;6;junho;-0,13;Neutro;Normal;0
01/07/1998;1998;7;julho;-0,78;La Nina;Fraco;-0,5
01/08/1998;1998;8;agosto;-1,12;La Nina;Moderado;-0,5
01/09/1998;1998;9;setembro;-1,31;La Nina;Moderado;-0,5
01/10/1998;1998;10;outubro;-1,35;La Nina;Moderado;-0,5
01/11/1998;1998;11;novembro;-1,48;Neutro;Normal;0
01/12/1998;1998;12;dezembro;-1,57;La Nina;Forte;-0,5
01/01/1999;1999;1;janeiro;-1,55;La Nina;Forte;-0,5
01/02/1999;1999;2;fevereiro;-1,3;La Nina;Moderado;-0,5
01/03/1999;1999;3;março;-1,07;La Nina;Moderado;-0,5
01/04/1999;1999;4;abril;-0,98;Neutro;Normal;0
01/05/1999;1999;5;maio;-1,02;La Nina;Moderado;-0,5
01/06/1999;1999;6;junho;-1,04;La Nina;Moderado;-0,5
01/07/1999;1999;7;julho;-1,1;La Nina;Moderado;-0,5
01/08/1999;1999;8;agosto;-1,11;La Nina;Moderado;-0,5
01/09/1999;1999;9;setembro;-1,16;La Nina;Moderado;-0,5
01/10/1999;1999;10;outubro;-1,26;La Nina;Moderado;-0,5
01/11/1999;1999;11;novembro;-1,46;Neutro;Normal;0
01/12/1999;1999;12;dezembro;-1,65;La Nina;Forte;-0,5
01/01/2000;2000;1;janeiro;-1,66;La Nina;Forte;-0,5
01/02/2000;2000;2;fevereiro;-1,41;Neutro;Normal;0
01/03/2000;2000;3;março;-1,07;La Nina;Moderado;-0,5
01/04/2000;2000;4;abril;-0,81;La Nina;Fraco;-0,5
01/05/2000;2000;5;maio;-0,71;La Nina;Fraco;-0,5
01/06/2000;2000;6;junho;-0,64;La Nina;Fraco;-0,5
01/07/2000;2000;7;julho;-0,55;La Nina;Fraco;-0,5
01/08/2000;2000;8;agosto;-0,51;La Nina;Fraco;-0,5
01/09/2000;2000;9;setembro;-0,55;La Nina;Fraco;-0,5
01/10/2000;2000;10;outubro;-0,63;La Nina;Fraco;-0,5
01/11/2000;2000;11;novembro;-0,75;La Nina;Fraco;-0,5
01/12/2000;2000;12;dezembro;-0,74;La Nina;Fraco;-0,5
01/01/2001;2001;1;janeiro;-0,68;La Nina;Fraco;-0,5
01/02/2001;2001;2;fevereiro;-0,52;La Nina;Fraco;-0,5
01/03/2001;2001;3;março;-0,44;Neutro;Normal;0
01/04/2001;2001;4;abril;-0,34;Neutro;Normal;0
01/05/2001;2001;5;maio;-0,25;Neutro;Normal;0
01/06/2001;2001;6;junho;-0,12;Neutro;Normal;0
01/07/2001;2001;7;julho;-0,08;Neutro;Normal;0
01/08/2001;2001;8;agosto;-0,13;Neutro;Normal;0
01/09/2001;2001;9;setembro;-0,19;Neutro;Normal;0
01/10/2001;2001;10;outubro;-0,29;Neutro;Normal;0
01/11/2001;2001;11;novembro;-0,35;Neutro;Normal;0
01/12/2001;2001;12;dezembro;-0,31;Neutro;Normal;0
01/01/2002;2002;1;janeiro;-0,15;Neutro;Normal;0
01/02/2002;2002;2;fevereiro;0,03;Neutro;Normal;0
01/03/2002;2002;3;março;0,09;Neutro;Normal;0
01/04/2002;2002;4;abril;0,2;Neutro;Normal;0
01/05/2002;2002;5;maio;0,43;Neutro;Normal;0
01/06/2002;2002;6;junho;0,65;El Nino;Fraco;0,5
01/07/2002;2002;7;julho;0,79;El Nino;Fraco;0,5
01/08/2002;2002;8;agosto;0,86;El Nino;Fraco;0,5
01/09/2002;2002;9;setembro;1,01;El Nino;Moderado;0,5
01/10/2002;2002;10;outubro;1,21;El Nino;Moderado;0,5
01/11/2002;2002;11;novembro;1,31;El Nino;Moderado;0,5
01/12/2002;2002;12;dezembro;1,14;El Nino;Moderado;0,5
01/01/2003;2003;1;janeiro;0,92;Neutro;Normal;0
01/02/2003;2003;2;fevereiro;0,63;El Nino;Fraco;0,5
01/03/2003;2003;3;março;0,38;Neutro;Normal;0
01/04/2003;2003;4;abril;-0,04;Neutro;Normal;0
01/05/2003;2003;5;maio;-0,26;Neutro;Normal;0
01/06/2003;2003;6;junho;-0,16;Neutro;Normal;0
01/07/2003;2003;7;julho;0,08;Neutro;Normal;0
01/08/2003;2003;8;agosto;0,21;Neutro;Normal;0
01/09/2003;2003;9;setembro;0,26;Neutro;Normal;0
01/10/2003;2003;10;outubro;0,29;Neutro;Normal;0
01/11/2003;2003;11;novembro;0,35;Neutro;Normal;0
01/12/2003;2003;12;dezembro;0,35;Neutro;Normal;0
01/01/2004;2004;1;janeiro;0,37;Neutro;Normal;0
01/02/2004;2004;2;fevereiro;0,31;Neutro;Normal;0
01/03/2004;2004;3;março;0,23;Neutro;Normal;0
01/04/2004;2004;4;abril;0,17;Neutro;Normal;0
01/05/2004;2004;5;maio;0,17;Neutro;Normal;0
01/06/2004;2004;6;junho;0,28;Neutro;Normal;0
01/07/2004;2004;7;julho;0,47;Neutro;Normal;0
01/08/2004;2004;8;agosto;0,64;El Nino;Fraco;0,5
01/09/2004;2004;9;setembro;0,7;El Nino;Fraco;0,5
01/10/2004;2004;10;outubro;0,67;El Nino;Fraco;0,5
01/11/2004;2004;11;novembro;0,66;El Nino;Fraco;0,5
01/12/2004;2004;12;dezembro;0,69;El Nino;Fraco;0,5
01/01/2005;2005;1;janeiro;0,64;El Nino;Fraco;0,5
01/02/2005;2005;2;fevereiro;0,58;El Nino;Fraco;0,5
01/03/2005;2005;3;março;0,45;Neutro;Normal;0
01/04/2005;2005;4;abril;0,43;Neutro;Normal;0
01/05/2005;2005;5;maio;0,29;Neutro;Normal;0
01/06/2005;2005;6;junho;0,11;Neutro;Normal;0
01/07/2005;2005;7;julho;-0,06;Neutro;Normal;0
01/08/2005;2005;8;agosto;-0,14;Neutro;Normal;0
01/09/2005;2005;9;setembro;-0,11;Neutro;Normal;0
01/10/2005;2005;10;outubro;-0,29;Neutro;Normal;0
01/11/2005;2005;11;novembro;-0,57;La Nina;Fraco;-0,5
01/12/2005;2005;12;dezembro;-0,81;La Nina;Fraco;-0,5
01/01/2006;2006;1;janeiro;-0,79;La Nina;Fraco;-0,5
01/02/2006;2006;2;fevereiro;-0,67;La Nina;Fraco;-0,5
01/03/2006;2006;3;março;-0,47;Neutro;Normal;0
01/04/2006;2006;4;abril;-0,28;Neutro;Normal;0
01/05/2006;2006;5;maio;-0,05;Neutro;Normal;0
01/06/2006;2006;6;junho;0,04;Neutro;Normal;0
01/07/2006;2006;7;julho;0,12;Neutro;Normal;0
01/08/2006;2006;8;agosto;0,27;Neutro;Normal;0
01/09/2006;2006;9;setembro;0,48;Neutro;Normal;0
01/10/2006;2006;10;outubro;0,71;El Nino;Fraco;0,5
01/11/2006;2006;11;novembro;0,9;El Nino;Fraco;0,5
01/12/2006;2006;12;dezembro;0,95;Neutro;Normal;0
01/01/2007;2007;1;janeiro;0,71;El Nino;Fraco;0,5
01/02/2007;2007;2;fevereiro;0,32;Neutro;Normal;0
01/03/2007;2007;3;março;-0,03;Neutro;Normal;0
01/04/2007;2007;4;abril;-0,23;Neutro;Normal;0
01/05/2007;2007;5;maio;-0,29;Neutro;Normal;0
01/06/2007;2007;6;junho;-0,41;Neutro;Normal;0
01/07/2007;2007;7;julho;-0,54;La Nina;Fraco;-0,5
01/08/2007;2007;8;agosto;-0,84;La Nina;Fraco;-0,5
01/09/2007;2007;9;setembro;-1,13;La Nina;Moderado;-0,5
01/10/2007;2007;10;outubro;-1,4;La Nina;Moderado;-0,5
01/11/2007;2007;11;novembro;-1,54;La Nina;Forte;-0,5
01/12/2007;2007;12;dezembro;-1,6;La Nina;Forte;-0,5
01/01/2008;2008;1;janeiro;-1,59;La Nina;Forte;-0,5
01/02/2008;2008;2;fevereiro;-1,42;Neutro;Normal;0
01/03/2008;2008;3;março;-1,19;La Nina;Moderado;-0,5
01/04/2008;2008;4;abril;-0,92;Neutro;Normal;0
01/05/2008;2008;5;maio;-0,75;La Nina;Fraco;-0,5
01/06/2008;2008;6;junho;-0,54;La Nina;Fraco;-0,5
01/07/2008;2008;7;julho;-0,35;Neutro;Normal;0
01/08/2008;2008;8;agosto;-0,26;Neutro;Normal;0
01/09/2008;2008;9;setembro;-0,3;Neutro;Normal;0
01/10/2008;2008;10;outubro;-0,41;Neutro;Normal;0
01/11/2008;2008;11;novembro;-0,6;La Nina;Fraco;-0,5
01/12/2008;2008;12;dezembro;-0,73;La Nina;Fraco;-0,5
01/01/2009;2009;1;janeiro;-0,8;La Nina;Fraco;-0,5
01/02/2009;2009;2;fevereiro;-0,69;La Nina;Fraco;-0,5
01/03/2009;2009;3;março;-0,52;La Nina;Fraco;-0,5
01/04/2009;2009;4;abril;-0,24;Neutro;Normal;0
01/05/2009;2009;5;maio;0,09;Neutro;Normal;0
01/06/2009;2009;6;junho;0,35;Neutro;Normal;0
01/07/2009;2009;7;julho;0,47;Neutro;Normal;0
01/08/2009;2009;8;agosto;0,54;El Nino;Fraco;0,5
01/09/2009;2009;9;setembro;0,65;El Nino;Fraco;0,5
01/10/2009;2009;10;outubro;0,95;Neutro;Normal;0
01/11/2009;2009;11;novembro;1,31;El Nino;Moderado;0,5
01/12/2009;2009;12;dezembro;1,57;El Nino;Forte;0,5
01/01/2010;2010;1;janeiro;1,55;El Nino;Forte;0,5
01/02/2010;2010;2;fevereiro;1,31;El Nino;Moderado;0,5
01/03/2010;2010;3;março;0,94;Neutro;Normal;0
01/04/2010;2010;4;abril;0,44;Neutro;Normal;0
01/05/2010;2010;5;maio;-0,09;Neutro;Normal;0
01/06/2010;2010;6;junho;-0,59;La Nina;Fraco;-0,5
01/07/2010;2010;7;julho;-1,03;La Nina;Moderado;-0,5
01/08/2010;2010;8;agosto;-1,38;La Nina;Moderado;-0,5
01/09/2010;2010;9;setembro;-1,61;La Nina;Forte;-0,5
01/10/2010;2010;10;outubro;-1,7;La Nina;Forte;-0,5
01/11/2010;2010;11;novembro;-1,69;La Nina;Forte;-0,5
01/12/2010;2010;12;dezembro;-1,59;La Nina;Forte;-0,5
01/01/2011;2011;1;janeiro;-1,37;La Nina;Moderado;-0,5
01/02/2011;2011;2;fevereiro;-1,09;La Nina;Moderado;-0,5
01/03/2011;2011;3;março;-0,83;La Nina;Fraco;-0,5
01/04/2011;2011;4;abril;-0,64;La Nina;Fraco;-0,5
01/05/2011;2011;5;maio;-0,47;Neutro;Normal;0
01/06/2011;2011;6;junho;-0,38;Neutro;Normal;0
01/07/2011;2011;7;julho;-0,46;Neutro;Normal;0
01/08/2011;2011;8;agosto;-0,65;La Nina;Fraco;-0,5
01/09/2011;2011;9;setembro;-0,89;La Nina;Fraco;-0,5
01/10/2011;2011;10;outubro;-1,06;La Nina;Moderado;-0,5
01/11/2011;2011;11;novembro;-1,14;La Nina;Moderado;-0,5
01/12/2011;2011;12;dezembro;-1,03;La Nina;Moderado;-0,5
01/01/2012;2012;1;janeiro;-0,81;La Nina;Fraco;-0,5
01/02/2012;2012;2;fevereiro;-0,62;La Nina;Fraco;-0,5
01/03/2012;2012;3;março;-0,5;La Nina;Fraco;-0,5
01/04/2012;2012;4;abril;-0,38;Neutro;Normal;0
01/05/2012;2012;5;maio;-0,18;Neutro;Normal;0
01/06/2012;2012;6;junho;0,05;Neutro;Normal;0
01/07/2012;2012;7;julho;0,27;Neutro;Normal;0
01/08/2012;2012;8;agosto;0,33;Neutro;Normal;0
01/09/2012;2012;9;setembro;0,31;Neutro;Normal;0
01/10/2012;2012;10;outubro;0,21;Neutro;Normal;0
01/11/2012;2012;11;novembro;0,01;Neutro;Normal;0
01/12/2012;2012;12;dezembro;-0,21;Neutro;Normal;0
01/01/2013;2013;1;janeiro;-0,38;Neutro;Normal;0
01/02/2013;2013;2;fevereiro;-0,33;Neutro;Normal;0
01/03/2013;2013;3;março;-0,24;Neutro;Normal;0
01/04/2013;2013;4;abril;-0,21;Neutro;Normal;0
01/05/2013;2013;5;maio;-0,27;Neutro;Normal;0
01/06/2013;2013;6;junho;-0,34;Neutro;Normal;0
01/07/2013;2013;7;julho;-0,38;Neutro;Normal;0
01/08/2013;2013;8;agosto;-0,35;Neutro;Normal;0
01/09/2013;2013;9;setembro;-0,31;Neutro;Normal;0
01/10/2013;2013;10;outubro;-0,23;Neutro;Normal;0
01/11/2013;2013;11;novembro;-0,22;Neutro;Normal;0
01/12/2013;2013;12;dezembro;-0,27;Neutro;Normal;0
01/01/2014;2014;1;janeiro;-0,37;Neutro;Normal;0
01/02/2014;2014;2;fevereiro;-0,36;Neutro;Normal;0
01/03/2014;2014;3;março;-0,17;Neutro;Normal;0
01/04/2014;2014;4;abril;0,13;Neutro;Normal;0
01/05/2014;2014;5;maio;0,3;Neutro;Normal;0
01/06/2014;2014;6;junho;0,23;Neutro;Normal;0
01/07/2014;2014;7;julho;0,07;Neutro;Normal;0
01/08/2014;2014;8;agosto;0,03;Neutro;Normal;0
01/09/2014;2014;9;setembro;0,18;Neutro;Normal;0
01/10/2014;2014;10;outubro;0,44;Neutro;Normal;0
01/11/2014;2014;11;novembro;0,59;El Nino;Fraco;0,5
01/12/2014;2014;12;dezembro;0,66;El Nino;Fraco;0,5
01/01/2015;2015;1;janeiro;0,6;El Nino;Fraco;0,5
01/02/2015;2015;2;fevereiro;0,56;El Nino;Fraco;0,5
01/03/2015;2015;3;março;0,62;El Nino;Fraco;0,5
01/04/2015;2015;4;abril;0,79;El Nino;Fraco;0,5
01/05/2015;2015;5;maio;1,02;El Nino;Moderado;0,5
01/06/2015;2015;6;junho;1,25;El Nino;Moderado;0,5
01/07/2015;2015;7;julho;1,54;El Nino;Forte;0,5
01/08/2015;2015;8;agosto;1,83;El Nino;Forte;0,5
01/09/2015;2015;9;setembro;2,11;El Nino;Muito Forte;0,5
01/10/2015;2015;10;outubro;2,37;El Nino;Muito Forte;0,5
01/11/2015;2015;11;novembro;2,53;El Nino;Muito Forte;0,5
01/12/2015;2015;12;dezembro;2,64;El Nino;Muito Forte;0,5
01/01/2016;2016;1;janeiro;2,53;El Nino;Muito Forte;0,5
01/02/2016;2016;2;fevereiro;2,23;El Nino;Muito Forte;0,5
01/03/2016;2016;3;março;1,68;El Nino;Forte;0,5
01/04/2016;2016;4;abril;1,03;El Nino;Moderado;0,5
01/05/2016;2016;5;maio;0,48;Neutro;Normal;0
01/06/2016;2016;6;junho;0;Neutro;Normal;0
01/07/2016;2016;7;julho;-0,34;Neutro;Normal;0
01/08/2016;2016;8;agosto;-0,57;La Nina;Fraco;-0,5
01/09/2016;2016;9;setembro;-0,68;La Nina;Fraco;-0,5
01/10/2016;2016;10;outubro;-0,74;La Nina;Fraco;-0,5
01/11/2016;2016;11;novembro;-0,71;La Nina;Fraco;-0,5
01/12/2016;2016;12;dezembro;-0,56;La Nina;Fraco;-0,5
01/01/2017;2017;1;janeiro;-0,29;Neutro;Normal;0
01/02/2017;2017;2;fevereiro;-0,06;Neutro;Normal;0
01/03/2017;2017;3;março;0,15;Neutro;Normal;0
01/04/2017;2017;4;abril;0,29;Neutro;Normal;0
01/05/2017;2017;5;maio;0,39;Neutro;Normal;0
01/06/2017;2017;6;junho;0,38;Neutro;Normal;0
01/07/2017;2017;7;julho;0,16;Neutro;Normal;0
01/08/2017;2017;8;agosto;-0,14;Neutro;Normal;0
01/09/2017;2017;9;setembro;-0,44;Neutro;Normal;0
01/10/2017;2017;10;outubro;-0,7;La Nina;Fraco;-0,5
01/11/2017;2017;11;novembro;-0,88;La Nina;Fraco;-0,5
01/12/2017;2017;12;dezembro;-0,97;Neutro;Normal;0
01/01/2018;2018;1;janeiro;-0,87;La Nina;Fraco;-0,5
01/02/2018;2018;2;fevereiro;-0,76;La Nina;Fraco;-0,5
01/03/2018;2018;3;março;-0,6;La Nina;Fraco;-0,5
01/04/2018;2018;4;abril;-0,41;Neutro;Normal;0
01/05/2018;2018;5;maio;-0,13;Neutro;Normal;0
01/06/2018;2018;6;junho;0,06;Neutro;Normal;0
01/07/2018;2018;7;julho;0,11;Neutro;Normal;0
01/08/2018;2018;8;agosto;0,2;Neutro;Normal;0
01/09/2018;2018;9;setembro;0,43;Neutro;Normal;0
01/10/2018;2018;10;outubro;0,7;El Nino;Fraco;0,5
01/11/2018;2018;11;novembro;0,85;El Nino;Fraco;0,5
01/12/2018;2018;12;dezembro;0,81;El Nino;Fraco;0,5
01/01/2019;2019;1;janeiro;0,75;El Nino;Fraco;0,5
01/02/2019;2019;2;fevereiro;0,72;El Nino;Fraco;0,5
01/03/2019;2019;3;março;0,71;El Nino;Fraco;0,5
01/04/2019;2019;4;abril;0,66;El Nino;Fraco;0,5
01/05/2019;2019;5;maio;0,54;El Nino;Fraco;0,5
01/06/2019;2019;6;junho;0,45;Neutro;Normal;0
01/07/2019;2019;7;julho;0,28;Neutro;Normal;0
01/08/2019;2019;8;agosto;0,14;Neutro;Normal;0
01/09/2019;2019;9;setembro;0,19;Neutro;Normal;0
01/10/2019;2019;10;outubro;0,35;Neutro;Normal;0
01/11/2019;2019;11;novembro;0,51;El Nino;Fraco;0,5
01/12/2019;2019;12;dezembro;0,55;El Nino;Fraco;0,5
01/01/2020;2020;1;janeiro;0,5;El Nino;Fraco;0,5
01/02/2020;2020;2;fevereiro;0,48;Neutro;Normal;0
01/03/2020;2020;3;março;0,4;Neutro;Normal;0
01/04/2020;2020;4;abril;0,19;Neutro;Normal;0
01/05/2020;2020;5;maio;-0,08;Neutro;Normal;0
01/06/2020;2020;6;junho;-0,3;Neutro;Normal;0
01/07/2020;2020;7;julho;-0,41;Neutro;Normal;0
01/08/2020;2020;8;agosto;-0,57;La Nina;Fraco;-0,5
01/09/2020;2020;9;setembro;-0,89;La Nina;Fraco;-0,5
01/10/2020;2020;10;outubro;-1,17;La Nina;Moderado;-0,5
01/11/2020;2020;11;novembro;-1,27;La Nina;Moderado;-0,5
01/12/2020;2020;12;dezembro;-1,19;La Nina;Moderado;-0,5
01/01/2021;2021;1;janeiro;-1,05;La Nina;Moderado;-0,5
01/02/2021;2021;2;fevereiro;-0,93;Neutro;Normal;0
01/03/2021;2021;3;março;-0,84;La Nina;Fraco;-0,5
01/04/2021;2021;4;abril;-0,66;La Nina;Fraco;-0,5
01/05/2021;2021;5;maio;-0,48;Neutro;Normal;0
01/06/2021;2021;6;junho;-0,38;Neutro;Normal;0
01/07/2021;2021;7;julho;-0,4;Neutro;Normal;0
01/08/2021;2021;8;agosto;-0,49;Neutro;Normal;0
01/09/2021;2021;9;setembro;-0,67;La Nina;Fraco;-0,5
01/10/2021;2021;10;outubro;-0,81;La Nina;Fraco;-0,5
01/11/2021;2021;11;novembro;-0,98;Neutro;Normal;0
01/12/2021;2021;12;dezembro;-0,98;Neutro;Normal;0
01/01/2022;2022;1;janeiro;-0,97;Neutro;Normal;0
01/02/2022;2022;2;fevereiro;-0,93;Neutro;Normal;0
01/03/2022;2022;3;março;-0,99;Neutro;Normal;0
01/04/2022;2022;4;abril;-1,06;La Nina;Moderado;-0,5
01/05/2022;2022;5;maio;-0,99;Neutro;Normal;0
01/06/2022;2022;6;junho;-0,85;La Nina;Fraco;-0,5
01/07/2022;2022;7;julho;-0,81;La Nina;Fraco;-0,5
01/08/2022;2022;8;agosto;-0,91;Neutro;Normal;0
01/09/2022;2022;9;setembro;-1,01;La Nina;Moderado;-0,5
01/10/2022;2022;10;outubro;-0,99;Neutro;Normal;0
01/11/2022;2022;11;novembro;-0,92;Neutro;Normal;0
01/12/2022;2022;12;dezembro;-0,83;La Nina;Fraco;-0,5
01/01/2023;2023;1;janeiro;-0,68;La Nina;Fraco;-0,5
01/02/2023;2023;2;fevereiro;-0,43;Neutro;Normal;0
01/03/2023;2023;3;março;-0,15;Neutro;Normal;0
01/04/2023;2023;4;abril;0,16;Neutro;Normal;0
01/05/2023;2023;5;maio;0,48;Neutro;Normal;0
01/06/2023;2023;6;junho;0,77;El Nino;Fraco;0,5
01/07/2023;2023;7;julho;1,07;El Nino;Moderado;0,5
01/08/2023;2023;8;agosto;1,32;El Nino;Moderado;0,5
01/09/2023;2023;9;setembro;1,56;El Nino;Forte;0,5
01/10/2023;2023;10;outubro;1,78;El Nino;Forte;0,5
01/11/2023;2023;11;novembro;1,92;Neutro;Normal;0
01/12/2023;2023;12;dezembro;1,95;Neutro;Normal;0
01/01/2024;2024;1;janeiro;1,78;El Nino;Forte;0,5
01/02/2024;2024;2;fevereiro;1,48;Neutro;Normal;0
01/03/2024;2024;3;março;1,14;El Nino;Moderado;0,5
01/04/2024;2024;4;abril;0,71;El Nino;Fraco;0,5
01/05/2024;2024;5;maio;0,39;Neutro;Normal;0
01/06/2024;2024;6;junho;0,15;Neutro;Normal;0
01/07/2024;2024;7;julho;0,04;Neutro;Normal;0
01/08/2024;2024;8;agosto;-0,11;Neutro;Normal;0
01/09/2024;2024;9;setembro;-0,21;Neutro;Normal;0
01/10/2024;2024;10;outubro;-0,26;Neutro;Normal;0
01/11/2024;2024;11;novembro;-0,37;Neutro;Normal;0
01/12/2024;2024;12;dezembro;-0,53;La Nina;Fraco;-0,5
01/01/2025;2025;1;janeiro;-0,59;La Nina;Fraco;-0,5
01/02/2025;2025;2;fevereiro;-0,38;Neutro;Normal;0
01/03/2025;2025;3;março;-0,18;Neutro;Normal;0
01/04/2025;2025;4;abril;-0,09;Neutro;Normal;0
01/05/2025;2025;5;maio;-0,11;Neutro;Normal;0
01/06/2025;2025;6;junho;-0,11;Neutro;Normal;0
01/07/2025;2025;7;julho;-0,19;Neutro;Normal;0
01/08/2025;2025;8;agosto;-0,32;Neutro;Normal;0
01/09/2025;2025;9;setembro;-0,45;Neutro;Normal;0
